League,MemberCount,BunnyDerbyTaskCount,Threshold1,Threshold2,Threshold3,Threshold4,Threshold5,Threshold6,Threshold7,Threshold8,Threshold9,Threshold10,Threshold11,Threshold12,Threshold13,Threshold14,Threshold15,Threshold16,Threshold17,Threshold18,MinRequiredPoints,HotPotatoDerbyNormalTaskCount,HotPotatoDerbyHotPotatoTaskCount,ThresholdConfigurationName
String,String,int,int,int,int,int,int,int,int,int,int,int,int,int,int,int,int,int,int,int,int,int,int,String
League1,1,1,250,550,850,1150,1450,,,,,,,,,,,,,,1,11,1,
,2,2,500,1100,1700,2300,2900,,,,,,,,,,,,,,1,11,1,
,3,3,750,1620,2490,3360,4200,,,,,,,,,,,,,,1,10,2,
,4,3,1000,2100,3200,4300,5400,,,,,,,,,,,,,,1,10,2,
,5,4,1250,2600,3950,5300,6625,,,,,,,,,,,,,,1,10,2,
,6,4,1500,3120,4740,6360,7950,,,,,,,,,,,,,,1,9,3,
,7,5,1575,3465,5355,7245,9100,,,,,,,,,,,,,,1,9,3,
,8,6,1800,3960,6120,8280,10400,,,,,,,,,,,,,,1,8,4,
,9,6,2025,4365,6705,9045,11250,,,,,,,,,,,,,,1,8,4,
,10,7,2250,4850,7450,10050,12500,,,,,,,,,,,,,,1,8,4,
,11,7,2475,5335,8195,11055,13750,,,,,,,,,,,,,,1,7,5,
,12,8,2700,5820,8940,12060,15000,,,,,,,,,,,,,,1,7,5,
,13,8,2600,5850,9100,12350,15600,,,,,,,,,,,,,,1,6,6,
,14,9,2800,6300,9800,13300,16800,,,,,,,,,,,,,,1,6,6,
,15,9,3000,6750,10500,14250,18000,,,,,,,,,,,,,,1,6,6,
,16,10,3200,7040,10880,14720,18400,,,,,,,,,,,,,,1,6,7,
,17,10,3400,7480,11560,15640,19550,,,,,,,,,,,,,,1,6,7,
,18,11,3600,7920,12240,16560,20700,,,,,,,,,,,,,,1,6,8,
,19,11,3325,7980,12635,17290,21850,,,,,,,,,,,,,,1,6,8,
,20,11,3500,8400,13300,18200,23000,,,,,,,,,,,,,,1,6,8,
,21,11,3675,8715,13755,18795,23625,,,,,,,,,,,,,,1,6,9,
,22,12,3850,9130,14410,19690,24750,,,,,,,,,,,,,,1,6,9,
,23,12,4025,9545,15065,20585,25875,,,,,,,,,,,,,,1,6,10,
,24,13,4200,9960,15720,21480,27000,,,,,,,,,,,,,,1,6,10,
,25,13,4375,10375,16375,22375,28125,,,,,,,,,,,,,,1,6,10,
,26,14,3900,10270,16640,23010,29250,,,,,,,,,,,,,,1,6,11,
,27,14,4050,10665,17280,23895,30375,,,,,,,,,,,,,,1,6,11,
,28,14,4200,11060,17920,24780,31500,,,,,,,,,,,,,,1,6,12,
,29,15,4350,11455,18560,25665,32625,,,,,,,,,,,,,,1,6,12,
,30,15,4500,11850,19200,26550,33750,,,,,,,,,,,,,,1,6,12,
,1,1,500,1040,1580,2120,2650,,,,,,,,,,,,,,,,,PowerDerby
,2,2,1000,2080,3160,4240,5300,,,,,,,,,,,,,,,,,
,3,3,1500,3120,4740,6360,7950,,,,,,,,,,,,,,,,,
,4,3,2000,4160,6320,8480,10600,,,,,,,,,,,,,,,,,
,5,4,2500,5150,7800,10450,13000,,,,,,,,,,,,,,,,,
,6,4,3000,6000,9000,12000,15000,,,,,,,,,,,,,,,,,
,7,5,3150,6790,10430,14070,17500,,,,,,,,,,,,,,,,,
,8,6,3600,7760,11920,16080,20000,,,,,,,,,,,,,,,,,
,9,6,4050,8730,13410,18090,22500,,,,,,,,,,,,,,,,,
,10,7,4500,9400,14300,19200,24000,,,,,,,,,,,,,,,,,
,11,7,4950,10340,15730,21120,26400,,,,,,,,,,,,,,,,,
,12,8,5400,11280,17160,23040,28800,,,,,,,,,,,,,,,,,
,13,8,5200,11700,18200,24700,31200,,,,,,,,,,,,,,,,,
,14,9,5600,12600,19600,26600,33600,,,,,,,,,,,,,,,,,
,15,9,6000,13500,21000,28500,36000,,,,,,,,,,,,,,,,,
,16,10,6400,14080,21760,29440,36800,,,,,,,,,,,,,,,,,
,17,10,6800,14960,23120,31280,39100,,,,,,,,,,,,,,,,,
,18,11,7200,15840,24480,33120,41400,,,,,,,,,,,,,,,,,
,19,11,6650,15960,25270,34580,43700,,,,,,,,,,,,,,,,,
,20,11,7000,16800,26600,36400,46000,,,,,,,,,,,,,,,,,
,21,11,7350,17430,27510,37590,47250,,,,,,,,,,,,,,,,,
,22,12,7700,18260,28820,39380,49500,,,,,,,,,,,,,,,,,
,23,12,8050,19090,30130,41170,51750,,,,,,,,,,,,,,,,,
,24,13,8400,19920,31440,42960,54000,,,,,,,,,,,,,,,,,
,25,13,8750,20750,32750,44750,56250,,,,,,,,,,,,,,,,,
,26,14,7800,20540,33280,46020,58500,,,,,,,,,,,,,,,,,
,27,14,8100,21330,34560,47790,60750,,,,,,,,,,,,,,,,,
,28,14,8400,22120,35840,49560,63000,,,,,,,,,,,,,,,,,
,29,15,8700,22910,37120,51330,65250,,,,,,,,,,,,,,,,,
,30,15,9000,23700,38400,53100,67500,,,,,,,,,,,,,,,,,
,1,5,40,86,126,181,264,378,524,677,864,1029,1140,1230,1320,1410,1485,,,,,,,ChillDerby
,2,10,80,172,252,361,528,756,1049,1354,1728,2058,2280,2460,2640,2820,2970,,,,,,,
,3,15,120,258,378,542,792,1134,1573,2030,2592,3087,3420,3690,3960,4230,4455,,,,,,,
,4,18,149,320,469,672,982,1406,1951,2518,3214,3828,4241,4576,4910,5245,5524,,,,,,,
,5,23,186,400,586,840,1228,1758,2438,3147,4018,4785,5301,5720,6138,6557,6905,,,,,,,
,6,27,223,480,703,1008,1473,2109,2926,3777,4821,5742,6361,6863,7366,7868,8286,,,,,,,
,7,27,260,561,820,1176,1719,2461,3414,4406,5625,6699,7421,8007,8593,9179,9667,,,,,,,
,8,28,298,641,937,1344,1964,2812,3902,5035,6428,7656,8482,9151,9821,10490,11048,,,,,,,
,9,29,335,721,1055,1512,2210,3164,4389,5665,7232,8613,9542,10295,11048,11802,12429,,,,,,,
,10,30,360,775,1134,1625,2376,3402,4720,6091,7776,9261,10260,11070,11880,12690,13365,,,,,,,
,11,30,396,852,1247,1788,2614,3742,5192,6700,8554,10187,11286,12177,13068,13959,14702,,,,,,,
,12,30,418,899,1315,1885,2756,3946,5475,7066,9020,10743,11902,12841,13781,14720,15503,,,,,,,
,13,32,452,974,1425,2043,2986,4275,5931,7655,9772,11638,12893,13911,14929,15947,16795,,,,,,,
,14,34,470,1013,1482,2124,3105,4445,6167,7959,10161,12101,13406,14465,15523,16582,17464,,,,,,,
,15,36,504,1085,1588,2276,3326,4763,6607,8528,10886,12965,14364,15498,16632,17766,18711,,,,,,,
,16,38,518,1116,1633,2341,3421,4899,6796,8771,11197,13336,14774,15941,17107,18274,19246,,,,,,,
,17,40,551,1186,1735,2487,3635,5205,7221,9320,11897,14169,15698,16937,18176,19416,20448,,,,,,,
,18,42,562,1209,1769,2536,3707,5307,7363,9502,12131,14447,16006,17269,18533,19796,20849,,,,,,,
,19,44,593,1276,1867,2676,3912,5602,7772,10030,12804,15250,16895,18229,19562,20896,22008,,,,,,,
,20,44,600,1292,1890,2709,3960,5670,7866,10152,12960,15435,17100,18450,19800,21150,22275,,,,,,,
,21,46,630,1356,1985,2844,4158,5954,8259,10660,13608,16207,17955,19373,20790,22208,23389,,,,,,,
,22,46,634,1364,1996,2861,4182,5988,8306,10721,13686,16299,18058,19483,20909,22334,23522,,,,,,,
,23,48,662,1426,2087,2991,4372,6260,8684,11208,14308,17040,18878,20369,21859,23350,24592,,,,,,,
,24,48,662,1426,2087,2991,4372,6260,8684,11208,14308,17040,18878,20369,21859,23350,24592,,,,,,,
,25,50,690,1485,2174,3115,4554,6521,9046,11675,14904,17750,19665,21218,22770,24323,25616,,,,,,,
,26,50,686,1477,2162,3099,4530,6486,8999,11614,14826,17658,19562,21107,22651,24196,25483,,,,,,,
,27,50,713,1534,2245,3218,4704,6736,9345,12061,15396,18337,20315,21919,23522,25126,26463,,,,,,,
,28,50,706,1519,2223,3186,4657,6668,9250,11939,15241,18152,20110,21697,23285,24872,26195,,,,,,,
,29,50,731,1573,2302,3300,4823,6906,9581,12365,15785,18800,20828,22472,24116,25761,27131,,,,,,,
,30,50,720,1550,2268,3251,4752,6804,9439,12182,15552,18522,20520,22140,23760,25380,26730,,,,,,,
League2,1,2,300,612,924,1236,1548,1860,,,,,,,,,,,,,1,11,1,
,2,2,600,1224,1848,2472,3096,3720,,,,,,,,,,,,,1,11,1,
,3,3,900,1818,2736,3654,4572,5490,,,,,,,,,,,,,1,10,2,
,4,3,1200,2424,3648,4872,6096,7320,,,,,,,,,,,,,1,10,2,
,5,4,1500,2940,4380,5820,7260,8700,,,,,,,,,,,,,1,10,2,
,6,4,1800,3456,5112,6768,8424,10080,,,,,,,,,,,,,1,9,3,
,7,5,1890,3780,5670,7560,9450,11340,,,,,,,,,,,,,1,9,3,
,8,6,2160,4320,6480,8640,10800,12960,,,,,,,,,,,,,1,8,4,
,9,6,2430,4806,7182,9558,11934,14310,,,,,,,,,,,,,1,8,4,
,10,7,2700,5220,7740,10260,12780,15300,,,,,,,,,,,,,1,8,4,
,11,7,2970,5742,8514,11286,14058,16830,,,,,,,,,,,,,1,7,5,
,12,8,3240,6264,9288,12312,15336,18360,,,,,,,,,,,,,1,7,5,
,13,8,3120,6474,9828,13182,16536,19890,,,,,,,,,,,,,1,6,6,
,14,9,3360,6972,10584,14196,17808,21420,,,,,,,,,,,,,1,6,6,
,15,9,3600,7470,11340,15210,19080,22950,,,,,,,,,,,,,1,6,6,
,16,10,3840,7776,11712,15648,19584,23520,,,,,,,,,,,,,1,6,7,
,17,10,4080,8262,12444,16626,20808,24990,,,,,,,,,,,,,1,6,7,
,18,11,4320,8748,13176,17604,22032,26460,,,,,,,,,,,,,1,6,8,
,19,11,3990,8778,13566,18354,23142,27930,,,,,,,,,,,,,1,6,8,
,20,11,4200,9240,14280,19320,24360,29400,,,,,,,,,,,,,1,6,8,
,21,11,4410,9576,14742,19908,25074,30240,,,,,,,,,,,,,1,6,9,
,22,12,4620,10032,15444,20856,26268,31680,,,,,,,,,,,,,1,6,9,
,23,12,4830,10488,16146,21804,27462,33120,,,,,,,,,,,,,1,6,10,
,24,13,5040,10944,16848,22752,28656,34560,,,,,,,,,,,,,1,6,10,
,25,13,5250,11400,17550,23700,29850,36000,,,,,,,,,,,,,1,6,10,
,26,14,4680,11232,17784,24336,30888,37440,,,,,,,,,,,,,1,6,11,
,27,14,4860,11664,18468,25272,32076,38880,,,,,,,,,,,,,1,6,11,
,28,14,5040,12096,19152,26208,33264,40320,,,,,,,,,,,,,1,6,12,
,29,15,5220,12528,19836,27144,34452,41760,,,,,,,,,,,,,1,6,12,
,30,15,5400,12960,20520,28080,35640,43200,,,,,,,,,,,,,1,6,12,
,1,2,600,1152,1704,2256,2808,3360,,,,,,,,,,,,,,,,PowerDerby
,2,2,1200,2304,3408,4512,5616,6720,,,,,,,,,,,,,,,,
,3,3,1800,3456,5112,6768,8424,10080,,,,,,,,,,,,,,,,
,4,3,2400,4608,6816,9024,11232,13440,,,,,,,,,,,,,,,,
,5,4,3000,5700,8400,11100,13800,16500,,,,,,,,,,,,,,,,
,6,4,3600,6696,9792,12888,15984,19080,,,,,,,,,,,,,,,,
,7,5,3780,7476,11172,14868,18564,22260,,,,,,,,,,,,,,,,
,8,6,4320,8544,12768,16992,21216,25440,,,,,,,,,,,,,,,,
,9,6,4860,9612,14364,19116,23868,28620,,,,,,,,,,,,,,,,
,10,7,5400,10440,15480,20520,25560,30600,,,,,,,,,,,,,,,,
,11,7,5940,11484,17028,22572,28116,33660,,,,,,,,,,,,,,,,
,12,8,6480,12528,18576,24624,30672,36720,,,,,,,,,,,,,,,,
,13,8,6240,12948,19656,26364,33072,39780,,,,,,,,,,,,,,,,
,14,9,6720,13944,21168,28392,35616,42840,,,,,,,,,,,,,,,,
,15,9,7200,14940,22680,30420,38160,45900,,,,,,,,,,,,,,,,
,16,10,7680,15552,23424,31296,39168,47040,,,,,,,,,,,,,,,,
,17,10,8160,16524,24888,33252,41616,49980,,,,,,,,,,,,,,,,
,18,11,8640,17496,26352,35208,44064,52920,,,,,,,,,,,,,,,,
,19,11,7980,17556,27132,36708,46284,55860,,,,,,,,,,,,,,,,
,20,11,8400,18480,28560,38640,48720,58800,,,,,,,,,,,,,,,,
,21,11,8820,19152,29484,39816,50148,60480,,,,,,,,,,,,,,,,
,22,12,9240,20064,30888,41712,52536,63360,,,,,,,,,,,,,,,,
,23,12,9660,20976,32292,43608,54924,66240,,,,,,,,,,,,,,,,
,24,13,10080,21888,33696,45504,57312,69120,,,,,,,,,,,,,,,,
,25,13,10500,22800,35100,47400,59700,72000,,,,,,,,,,,,,,,,
,26,14,9360,22464,35568,48672,61776,74880,,,,,,,,,,,,,,,,
,27,14,9720,23328,36936,50544,64152,77760,,,,,,,,,,,,,,,,
,28,14,10080,24192,38304,52416,66528,80640,,,,,,,,,,,,,,,,
,29,15,10440,25056,39672,54288,68904,83520,,,,,,,,,,,,,,,,
,30,15,10800,25920,41040,56160,71280,86400,,,,,,,,,,,,,,,,
,1,5,40,86,126,181,264,378,524,677,864,1029,1140,1230,1320,1410,1485,,,,,,,ChillDerby
,2,10,80,172,252,361,528,756,1049,1354,1728,2058,2280,2460,2640,2820,2970,,,,,,,
,3,15,120,258,378,542,792,1134,1573,2030,2592,3087,3420,3690,3960,4230,4455,,,,,,,
,4,18,149,320,469,672,982,1406,1951,2518,3214,3828,4241,4576,4910,5245,5524,,,,,,,
,5,23,186,400,586,840,1228,1758,2438,3147,4018,4785,5301,5720,6138,6557,6905,,,,,,,
,6,27,223,480,703,1008,1473,2109,2926,3777,4821,5742,6361,6863,7366,7868,8286,,,,,,,
,7,27,260,561,820,1176,1719,2461,3414,4406,5625,6699,7421,8007,8593,9179,9667,,,,,,,
,8,28,298,641,937,1344,1964,2812,3902,5035,6428,7656,8482,9151,9821,10490,11048,,,,,,,
,9,29,335,721,1055,1512,2210,3164,4389,5665,7232,8613,9542,10295,11048,11802,12429,,,,,,,
,10,30,360,775,1134,1625,2376,3402,4720,6091,7776,9261,10260,11070,11880,12690,13365,,,,,,,
,11,30,396,852,1247,1788,2614,3742,5192,6700,8554,10187,11286,12177,13068,13959,14702,,,,,,,
,12,30,418,899,1315,1885,2756,3946,5475,7066,9020,10743,11902,12841,13781,14720,15503,,,,,,,
,13,32,452,974,1425,2043,2986,4275,5931,7655,9772,11638,12893,13911,14929,15947,16795,,,,,,,
,14,34,470,1013,1482,2124,3105,4445,6167,7959,10161,12101,13406,14465,15523,16582,17464,,,,,,,
,15,36,504,1085,1588,2276,3326,4763,6607,8528,10886,12965,14364,15498,16632,17766,18711,,,,,,,
,16,38,518,1116,1633,2341,3421,4899,6796,8771,11197,13336,14774,15941,17107,18274,19246,,,,,,,
,17,40,551,1186,1735,2487,3635,5205,7221,9320,11897,14169,15698,16937,18176,19416,20448,,,,,,,
,18,42,562,1209,1769,2536,3707,5307,7363,9502,12131,14447,16006,17269,18533,19796,20849,,,,,,,
,19,44,593,1276,1867,2676,3912,5602,7772,10030,12804,15250,16895,18229,19562,20896,22008,,,,,,,
,20,44,600,1292,1890,2709,3960,5670,7866,10152,12960,15435,17100,18450,19800,21150,22275,,,,,,,
,21,46,630,1356,1985,2844,4158,5954,8259,10660,13608,16207,17955,19373,20790,22208,23389,,,,,,,
,22,46,634,1364,1996,2861,4182,5988,8306,10721,13686,16299,18058,19483,20909,22334,23522,,,,,,,
,23,48,662,1426,2087,2991,4372,6260,8684,11208,14308,17040,18878,20369,21859,23350,24592,,,,,,,
,24,48,662,1426,2087,2991,4372,6260,8684,11208,14308,17040,18878,20369,21859,23350,24592,,,,,,,
,25,50,690,1485,2174,3115,4554,6521,9046,11675,14904,17750,19665,21218,22770,24323,25616,,,,,,,
,26,50,686,1477,2162,3099,4530,6486,8999,11614,14826,17658,19562,21107,22651,24196,25483,,,,,,,
,27,50,713,1534,2245,3218,4704,6736,9345,12061,15396,18337,20315,21919,23522,25126,26463,,,,,,,
,28,50,706,1519,2223,3186,4657,6668,9250,11939,15241,18152,20110,21697,23285,24872,26195,,,,,,,
,29,50,731,1573,2302,3300,4823,6906,9581,12365,15785,18800,20828,22472,24116,25761,27131,,,,,,,
,30,50,720,1550,2268,3251,4752,6804,9439,12182,15552,18522,20520,22140,23760,25380,26730,,,,,,,
League3,1,2,350,665,980,1295,1610,1925,2240,,,,,,,,,,,,1,11,1,
,2,3,700,1330,1960,2590,3220,3850,4480,,,,,,,,,,,,1,11,1,
,3,5,1050,1995,2940,3885,4830,5775,6720,,,,,,,,,,,,1,10,2,
,4,5,1400,2604,3808,5012,6216,7420,8540,,,,,,,,,,,,1,10,2,
,5,7,1750,3255,4760,6265,7770,9275,10675,,,,,,,,,,,,1,10,2,
,6,8,2100,3780,5460,7140,8820,10500,12180,,,,,,,,,,,,1,9,3,
,7,9,2205,4214,6223,8232,10241,12250,14210,,,,,,,,,,,,1,9,3,
,8,9,2520,4816,7112,9408,11704,14000,16240,,,,,,,,,,,,1,8,4,
,9,10,2835,5418,8001,10584,13167,15750,18270,,,,,,,,,,,,1,8,4,
,10,10,3150,5950,8750,11550,14350,17150,19950,,,,,,,,,,,,1,8,4,
,11,10,3465,6545,9625,12705,15785,18865,21945,,,,,,,,,,,,1,7,5,
,12,11,3780,7140,10500,13860,17220,20580,23940,,,,,,,,,,,,1,7,5,
,13,11,3640,7371,11102,14833,18564,22295,25935,,,,,,,,,,,,1,6,6,
,14,12,3920,7938,11956,15974,19992,24010,27930,,,,,,,,,,,,1,6,6,
,15,13,4200,8400,12600,16800,21000,25200,29400,,,,,,,,,,,,1,6,6,
,16,14,4480,8960,13440,17920,22400,26880,31360,,,,,,,,,,,,1,6,7,
,17,15,4760,9520,14280,19040,23800,28560,33320,,,,,,,,,,,,1,6,7,
,18,16,5040,10080,15120,20160,25200,30240,35280,,,,,,,,,,,,1,6,8,
,19,16,4655,10108,15561,21014,26467,31920,37240,,,,,,,,,,,,1,6,8,
,20,17,4900,10500,16100,21700,27300,32900,37800,,,,,,,,,,,,1,6,8,
,21,17,5145,11025,16905,22785,28665,34545,39690,,,,,,,,,,,,1,6,9,
,22,18,5390,11550,17710,23870,30030,36190,41580,,,,,,,,,,,,1,6,9,
,23,18,5635,12075,18515,24955,31395,37835,43470,,,,,,,,,,,,1,6,10,
,24,19,5880,12600,19320,26040,32760,39480,45360,,,,,,,,,,,,1,6,10,
,25,19,6125,13125,20125,27125,34125,41125,47250,,,,,,,,,,,,1,6,10,
,26,19,5460,12558,19656,26754,33852,40950,47320,,,,,,,,,,,,1,6,11,
,27,19,5670,13041,20412,27783,35154,42525,49140,,,,,,,,,,,,1,6,11,
,28,20,5880,13524,21168,28812,36456,44100,50960,,,,,,,,,,,,1,6,12,
,29,20,6090,14007,21924,29841,37758,45675,52780,,,,,,,,,,,,1,6,12,
,30,20,6300,14490,22680,30870,39060,47250,54600,,,,,,,,,,,,1,6,12,
,1,2,700,1260,1820,2380,2940,3500,3990,,,,,,,,,,,,,,,PowerDerby
,2,3,1400,2520,3640,4760,5880,7000,7980,,,,,,,,,,,,,,,
,3,5,2100,3780,5460,7140,8820,10500,11970,,,,,,,,,,,,,,,
,4,5,2800,5040,7280,9520,11760,14000,15960,,,,,,,,,,,,,,,
,5,7,3500,6230,8960,11690,14420,17150,19600,,,,,,,,,,,,,,,
,6,8,4200,7308,10416,13524,16632,19740,22680,,,,,,,,,,,,,,,
,7,9,4410,8134,11858,15582,19306,23030,26460,,,,,,,,,,,,,,,
,8,9,5040,9296,13552,17808,22064,26320,30240,,,,,,,,,,,,,,,
,9,10,5670,10458,15246,20034,24822,29610,34020,,,,,,,,,,,,,,,
,10,10,6300,11340,16380,21420,26460,31500,36400,,,,,,,,,,,,,,,
,11,10,6930,12474,18018,23562,29106,34650,40040,,,,,,,,,,,,,,,
,12,11,7560,13608,19656,25704,31752,37800,43680,,,,,,,,,,,,,,,
,13,11,7280,14014,20748,27482,34216,40950,47320,,,,,,,,,,,,,,,
,14,12,7840,15092,22344,29596,36848,44100,50960,,,,,,,,,,,,,,,
,15,13,8400,16170,23940,31710,39480,47250,54600,,,,,,,,,,,,,,,
,16,14,8960,16800,24640,32480,40320,48160,56000,,,,,,,,,,,,,,,
,17,15,9520,17850,26180,34510,42840,51170,59500,,,,,,,,,,,,,,,
,18,16,10080,18900,27720,36540,45360,54180,63000,,,,,,,,,,,,,,,
,19,16,9310,18886,28462,38038,47614,57190,66500,,,,,,,,,,,,,,,
,20,17,9800,19880,29960,40040,50120,60200,70000,,,,,,,,,,,,,,,
,21,17,10290,20580,30870,41160,51450,61740,72030,,,,,,,,,,,,,,,
,22,18,10780,21560,32340,43120,53900,64680,75460,,,,,,,,,,,,,,,
,23,18,11270,22540,33810,45080,56350,67620,78890,,,,,,,,,,,,,,,
,24,19,11760,23520,35280,47040,58800,70560,82320,,,,,,,,,,,,,,,
,25,19,12250,24500,36750,49000,61250,73500,85750,,,,,,,,,,,,,,,
,26,19,10920,24024,37128,50232,63336,76440,89180,,,,,,,,,,,,,,,
,27,19,11340,24948,38556,52164,65772,79380,92610,,,,,,,,,,,,,,,
,28,20,11760,25872,39984,54096,68208,82320,96040,,,,,,,,,,,,,,,
,29,20,12180,26796,41412,56028,70644,85260,99470,,,,,,,,,,,,,,,
,30,20,12600,27720,42840,57960,73080,88200,102900,,,,,,,,,,,,,,,
,1,5,40,86,126,181,264,378,524,677,864,1029,1140,1230,1320,1410,1485,,,,,,,ChillDerby
,2,10,80,172,252,361,528,756,1049,1354,1728,2058,2280,2460,2640,2820,2970,,,,,,,
,3,15,120,258,378,542,792,1134,1573,2030,2592,3087,3420,3690,3960,4230,4455,,,,,,,
,4,18,149,320,469,672,982,1406,1951,2518,3214,3828,4241,4576,4910,5245,5524,,,,,,,
,5,23,186,400,586,840,1228,1758,2438,3147,4018,4785,5301,5720,6138,6557,6905,,,,,,,
,6,27,223,480,703,1008,1473,2109,2926,3777,4821,5742,6361,6863,7366,7868,8286,,,,,,,
,7,27,260,561,820,1176,1719,2461,3414,4406,5625,6699,7421,8007,8593,9179,9667,,,,,,,
,8,28,298,641,937,1344,1964,2812,3902,5035,6428,7656,8482,9151,9821,10490,11048,,,,,,,
,9,29,335,721,1055,1512,2210,3164,4389,5665,7232,8613,9542,10295,11048,11802,12429,,,,,,,
,10,30,360,775,1134,1625,2376,3402,4720,6091,7776,9261,10260,11070,11880,12690,13365,,,,,,,
,11,30,396,852,1247,1788,2614,3742,5192,6700,8554,10187,11286,12177,13068,13959,14702,,,,,,,
,12,30,418,899,1315,1885,2756,3946,5475,7066,9020,10743,11902,12841,13781,14720,15503,,,,,,,
,13,32,452,974,1425,2043,2986,4275,5931,7655,9772,11638,12893,13911,14929,15947,16795,,,,,,,
,14,34,470,1013,1482,2124,3105,4445,6167,7959,10161,12101,13406,14465,15523,16582,17464,,,,,,,
,15,36,504,1085,1588,2276,3326,4763,6607,8528,10886,12965,14364,15498,16632,17766,18711,,,,,,,
,16,38,518,1116,1633,2341,3421,4899,6796,8771,11197,13336,14774,15941,17107,18274,19246,,,,,,,
,17,40,551,1186,1735,2487,3635,5205,7221,9320,11897,14169,15698,16937,18176,19416,20448,,,,,,,
,18,42,562,1209,1769,2536,3707,5307,7363,9502,12131,14447,16006,17269,18533,19796,20849,,,,,,,
,19,44,593,1276,1867,2676,3912,5602,7772,10030,12804,15250,16895,18229,19562,20896,22008,,,,,,,
,20,44,600,1292,1890,2709,3960,5670,7866,10152,12960,15435,17100,18450,19800,21150,22275,,,,,,,
,21,46,630,1356,1985,2844,4158,5954,8259,10660,13608,16207,17955,19373,20790,22208,23389,,,,,,,
,22,46,634,1364,1996,2861,4182,5988,8306,10721,13686,16299,18058,19483,20909,22334,23522,,,,,,,
,23,48,662,1426,2087,2991,4372,6260,8684,11208,14308,17040,18878,20369,21859,23350,24592,,,,,,,
,24,48,662,1426,2087,2991,4372,6260,8684,11208,14308,17040,18878,20369,21859,23350,24592,,,,,,,
,25,50,690,1485,2174,3115,4554,6521,9046,11675,14904,17750,19665,21218,22770,24323,25616,,,,,,,
,26,50,686,1477,2162,3099,4530,6486,8999,11614,14826,17658,19562,21107,22651,24196,25483,,,,,,,
,27,50,713,1534,2245,3218,4704,6736,9345,12061,15396,18337,20315,21919,23522,25126,26463,,,,,,,
,28,50,706,1519,2223,3186,4657,6668,9250,11939,15241,18152,20110,21697,23285,24872,26195,,,,,,,
,29,50,731,1573,2302,3300,4823,6906,9581,12365,15785,18800,20828,22472,24116,25761,27131,,,,,,,
,30,50,720,1550,2268,3251,4752,6804,9439,12182,15552,18522,20520,22140,23760,25380,26730,,,,,,,
League4,1,2,400,760,1120,1480,1840,2200,2560,2880,,,,,,,,,,,1,11,1,
,2,4,800,1520,2240,2960,3680,4400,5120,5760,,,,,,,,,,,1,11,1,
,3,6,1200,2208,3216,4224,5232,6240,7248,8160,,,,,,,,,,,1,10,2,
,4,7,1600,2848,4096,5344,6592,7840,9088,10240,,,,,,,,,,,1,10,2,
,5,9,2000,3560,5120,6680,8240,9800,11360,12800,,,,,,,,,,,1,10,2,
,6,10,2400,4224,6048,7872,9696,11520,13344,14880,,,,,,,,,,,1,9,3,
,7,11,2520,4648,6776,8904,11032,13160,15288,17360,,,,,,,,,,,1,9,3,
,8,11,2880,5312,7744,10176,12608,15040,17472,19840,,,,,,,,,,,1,8,4,
,9,12,3240,5976,8712,11448,14184,16920,19656,22320,,,,,,,,,,,1,8,4,
,10,13,3600,6560,9520,12480,15440,18400,21360,24000,,,,,,,,,,,1,8,4,
,11,13,3960,7216,10472,13728,16984,20240,23496,26400,,,,,,,,,,,1,7,5,
,12,13,4320,7872,11424,14976,18528,22080,25632,28800,,,,,,,,,,,1,7,5,
,13,14,4160,8112,12064,16016,19968,23920,27872,31200,,,,,,,,,,,1,6,6,
,14,15,4480,8512,12544,16576,20608,24640,28672,32480,,,,,,,,,,,1,6,6,
,15,16,4800,9120,13440,17760,22080,26400,30720,34800,,,,,,,,,,,1,6,6,
,16,17,5120,9728,14336,18944,23552,28160,32768,37120,,,,,,,,,,,1,6,7,
,17,18,5440,10336,15232,20128,25024,29920,34816,39440,,,,,,,,,,,1,6,7,
,18,19,5760,10800,15840,20880,25920,30960,36000,40320,,,,,,,,,,,1,6,8,
,19,19,5320,10640,15960,21280,26600,31920,37240,42560,,,,,,,,,,,1,6,8,
,20,20,5600,11200,16800,22400,28000,33600,39200,44800,,,,,,,,,,,1,6,8,
,21,20,5880,11760,17640,23520,29400,35280,41160,47040,,,,,,,,,,,1,6,9,
,22,21,6160,12320,18480,24640,30800,36960,43120,49280,,,,,,,,,,,1,6,9,
,23,21,6440,12880,19320,25760,32200,38640,45080,50600,,,,,,,,,,,1,6,10,
,24,22,6720,13440,20160,26880,33600,40320,47040,52800,,,,,,,,,,,1,6,10,
,25,22,7000,14000,21000,28000,35000,42000,49000,55000,,,,,,,,,,,1,6,10,
,26,22,6240,13520,20800,28080,35360,42640,49920,57200,,,,,,,,,,,1,6,11,
,27,22,6480,14040,21600,29160,36720,44280,51840,59400,,,,,,,,,,,1,6,11,
,28,23,6720,14560,22400,30240,38080,45920,53760,61600,,,,,,,,,,,1,6,12,
,29,23,6960,15080,23200,31320,39440,47560,55680,63800,,,,,,,,,,,1,6,12,
,30,23,7200,15600,24000,32400,40800,49200,57600,66000,,,,,,,,,,,1,6,12,
,1,2,800,1392,1984,2576,3168,3760,4352,4880,,,,,,,,,,,,,,PowerDerby
,2,4,1600,2784,3968,5152,6336,7520,8704,9760,,,,,,,,,,,,,,
,3,6,2400,4176,5952,7728,9504,11280,13056,14640,,,,,,,,,,,,,,
,4,7,3200,5568,7936,10304,12672,15040,17408,19520,,,,,,,,,,,,,,
,5,9,4000,6880,9760,12640,15520,18400,21280,24000,,,,,,,,,,,,,,
,6,10,4800,8160,11520,14880,18240,21600,24960,27840,,,,,,,,,,,,,,
,7,11,5040,8960,12880,16800,20720,24640,28560,32480,,,,,,,,,,,,,,
,8,11,5760,10240,14720,19200,23680,28160,32640,37120,,,,,,,,,,,,,,
,9,12,6480,11520,16560,21600,26640,31680,36720,41760,,,,,,,,,,,,,,
,10,13,7200,12640,18080,23520,28960,34400,39840,44800,,,,,,,,,,,,,,
,11,13,7920,13904,19888,25872,31856,37840,43824,49280,,,,,,,,,,,,,,
,12,13,8640,15168,21696,28224,34752,41280,47808,53760,,,,,,,,,,,,,,
,13,14,8320,15600,22880,30160,37440,44720,52000,58240,,,,,,,,,,,,,,
,14,15,8960,16800,24640,32480,40320,48160,56000,62720,,,,,,,,,,,,,,
,15,16,9600,18000,26400,34800,43200,51600,60000,67200,,,,,,,,,,,,,,
,16,17,10240,18688,27136,35584,44032,52480,60928,69120,,,,,,,,,,,,,,
,17,18,10880,19856,28832,37808,46784,55760,64736,73440,,,,,,,,,,,,,,
,18,19,11520,21024,30528,40032,49536,59040,68544,77760,,,,,,,,,,,,,,
,19,19,10640,20976,31312,41648,51984,62320,72656,82080,,,,,,,,,,,,,,
,20,20,11200,22080,32960,43840,54720,65600,76480,86400,,,,,,,,,,,,,,
,21,20,11760,22848,33936,45024,56112,67200,78288,89040,,,,,,,,,,,,,,
,22,21,12320,23936,35552,47168,58784,70400,82016,93280,,,,,,,,,,,,,,
,23,21,12880,25024,37168,49312,61456,73600,85744,97520,,,,,,,,,,,,,,
,24,22,13440,26112,38784,51456,64128,76800,89472,101760,,,,,,,,,,,,,,
,25,22,14000,27200,40400,53600,66800,80000,93200,106000,,,,,,,,,,,,,,
,26,22,12480,26624,40768,54912,69056,83200,97344,110240,,,,,,,,,,,,,,
,27,22,12960,27648,42336,57024,71712,86400,101088,114480,,,,,,,,,,,,,,
,28,23,13440,28672,43904,59136,74368,89600,104832,118720,,,,,,,,,,,,,,
,29,23,13920,29696,45472,61248,77024,92800,108576,122960,,,,,,,,,,,,,,
,30,23,14400,30720,47040,63360,79680,96000,112320,127200,,,,,,,,,,,,,,
,1,5,40,86,126,181,264,378,524,677,864,1029,1140,1230,1320,1410,1485,,,,,,,ChillDerby
,2,10,80,172,252,361,528,756,1049,1354,1728,2058,2280,2460,2640,2820,2970,,,,,,,
,3,15,120,258,378,542,792,1134,1573,2030,2592,3087,3420,3690,3960,4230,4455,,,,,,,
,4,18,149,320,469,672,982,1406,1951,2518,3214,3828,4241,4576,4910,5245,5524,,,,,,,
,5,23,186,400,586,840,1228,1758,2438,3147,4018,4785,5301,5720,6138,6557,6905,,,,,,,
,6,27,223,480,703,1008,1473,2109,2926,3777,4821,5742,6361,6863,7366,7868,8286,,,,,,,
,7,27,260,561,820,1176,1719,2461,3414,4406,5625,6699,7421,8007,8593,9179,9667,,,,,,,
,8,28,298,641,937,1344,1964,2812,3902,5035,6428,7656,8482,9151,9821,10490,11048,,,,,,,
,9,29,335,721,1055,1512,2210,3164,4389,5665,7232,8613,9542,10295,11048,11802,12429,,,,,,,
,10,30,360,775,1134,1625,2376,3402,4720,6091,7776,9261,10260,11070,11880,12690,13365,,,,,,,
,11,30,396,852,1247,1788,2614,3742,5192,6700,8554,10187,11286,12177,13068,13959,14702,,,,,,,
,12,30,418,899,1315,1885,2756,3946,5475,7066,9020,10743,11902,12841,13781,14720,15503,,,,,,,
,13,32,452,974,1425,2043,2986,4275,5931,7655,9772,11638,12893,13911,14929,15947,16795,,,,,,,
,14,34,470,1013,1482,2124,3105,4445,6167,7959,10161,12101,13406,14465,15523,16582,17464,,,,,,,
,15,36,504,1085,1588,2276,3326,4763,6607,8528,10886,12965,14364,15498,16632,17766,18711,,,,,,,
,16,38,518,1116,1633,2341,3421,4899,6796,8771,11197,13336,14774,15941,17107,18274,19246,,,,,,,
,17,40,551,1186,1735,2487,3635,5205,7221,9320,11897,14169,15698,16937,18176,19416,20448,,,,,,,
,18,42,562,1209,1769,2536,3707,5307,7363,9502,12131,14447,16006,17269,18533,19796,20849,,,,,,,
,19,44,593,1276,1867,2676,3912,5602,7772,10030,12804,15250,16895,18229,19562,20896,22008,,,,,,,
,20,44,600,1292,1890,2709,3960,5670,7866,10152,12960,15435,17100,18450,19800,21150,22275,,,,,,,
,21,46,630,1356,1985,2844,4158,5954,8259,10660,13608,16207,17955,19373,20790,22208,23389,,,,,,,
,22,46,634,1364,1996,2861,4182,5988,8306,10721,13686,16299,18058,19483,20909,22334,23522,,,,,,,
,23,48,662,1426,2087,2991,4372,6260,8684,11208,14308,17040,18878,20369,21859,23350,24592,,,,,,,
,24,48,662,1426,2087,2991,4372,6260,8684,11208,14308,17040,18878,20369,21859,23350,24592,,,,,,,
,25,50,690,1485,2174,3115,4554,6521,9046,11675,14904,17750,19665,21218,22770,24323,25616,,,,,,,
,26,50,686,1477,2162,3099,4530,6486,8999,11614,14826,17658,19562,21107,22651,24196,25483,,,,,,,
,27,50,713,1534,2245,3218,4704,6736,9345,12061,15396,18337,20315,21919,23522,25126,26463,,,,,,,
,28,50,706,1519,2223,3186,4657,6668,9250,11939,15241,18152,20110,21697,23285,24872,26195,,,,,,,
,29,50,731,1573,2302,3300,4823,6906,9581,12365,15785,18800,20828,22472,24116,25761,27131,,,,,,,
,30,50,720,1550,2268,3251,4752,6804,9439,12182,15552,18522,20520,22140,23760,25380,26730,,,,,,,
League5,1,2,450,792,1134,1476,1818,2160,2502,2925,3186,,,,,,,,,,1,11,1,
,2,4,900,1584,2268,2952,3636,4320,5004,5850,6372,,,,,,,,,,1,11,1,
,3,6,1350,2376,3402,4428,5454,6480,7506,8532,9558,,,,,,,,,,1,10,2,
,4,8,1800,3024,4248,5472,6696,7920,9144,10368,11520,,,,,,,,,,1,10,2,
,5,10,2250,3735,5220,6705,8190,9675,11160,12645,13950,,,,,,,,,,1,10,2,
,6,11,2700,4482,6264,8046,9828,11610,13392,15174,16740,,,,,,,,,,1,9,3,
,7,12,2835,4851,6867,8883,10899,12915,14931,16947,18900,,,,,,,,,,1,9,3,
,8,13,3240,5544,7848,10152,12456,14760,17064,19368,21600,,,,,,,,,,1,8,4,
,9,14,3645,6237,8829,11421,14013,16605,19197,21789,24300,,,,,,,,,,1,8,4,
,10,15,4050,6930,9810,12690,15570,18450,21330,24210,26550,,,,,,,,,,1,8,4,
,11,15,4455,7623,10791,13959,17127,20295,23463,26631,29205,,,,,,,,,,1,7,5,
,12,15,4860,8316,11772,15228,18684,22140,25596,29052,31860,,,,,,,,,,1,7,5,
,13,16,4680,8424,12168,15912,19656,23400,27144,30888,34515,,,,,,,,,,1,6,6,
,14,17,5040,9072,13104,17136,21168,25200,29232,33264,36540,,,,,,,,,,1,6,6,
,15,18,5400,9720,14040,18360,22680,27000,31320,35640,39150,,,,,,,,,,1,6,6,
,16,19,5760,10368,14976,19584,24192,28800,33408,38016,41760,,,,,,,,,,1,6,7,
,17,20,6120,11016,15912,20808,25704,30600,35496,40392,44370,,,,,,,,,,1,6,7,
,18,21,6480,11664,16848,22032,27216,32400,37584,42768,46980,,,,,,,,,,1,6,8,
,19,21,5985,11457,16929,22401,27873,33345,38817,44289,49590,,,,,,,,,,1,6,8,
,20,22,6300,12060,17820,23580,29340,35100,40860,46620,52200,,,,,,,,,,1,6,8,
,21,22,6615,12663,18711,24759,30807,36855,42903,48951,54810,,,,,,,,,,1,6,9,
,22,23,6930,13266,19602,25938,32274,38610,44946,51282,57420,,,,,,,,,,1,6,9,
,23,23,7245,13869,20493,27117,33741,40365,46989,53613,58995,,,,,,,,,,1,6,10,
,24,24,7560,14472,21384,28296,35208,42120,49032,55944,61560,,,,,,,,,,1,6,10,
,25,24,7875,15075,22275,29475,36675,43875,51075,58275,64125,,,,,,,,,,1,6,10,
,26,24,7020,14508,21996,29484,36972,44460,51948,59436,66690,,,,,,,,,,1,6,11,
,27,24,7290,15066,22842,30618,38394,46170,53946,61722,69255,,,,,,,,,,1,6,11,
,28,25,7560,15624,23688,31752,39816,47880,55944,64008,71820,,,,,,,,,,1,6,12,
,29,25,7830,16182,24534,32886,41238,49590,57942,66294,74385,,,,,,,,,,1,6,12,
,30,25,8100,16740,25380,34020,42660,51300,59940,68580,76950,,,,,,,,,,1,6,12,
,1,2,900,1512,2124,2736,3348,3960,4572,5184,5670,,,,,,,,,,,,,PowerDerby
,2,4,1800,2988,4176,5364,6552,7740,8928,10116,11160,,,,,,,,,,,,,
,3,6,2700,4482,6264,8046,9828,11610,13392,15174,16740,,,,,,,,,,,,,
,4,8,3600,5904,8208,10512,12816,15120,17424,19728,21960,,,,,,,,,,,,,
,5,10,4500,7380,10260,13140,16020,18900,21780,24660,27450,,,,,,,,,,,,,
,6,11,5400,8856,12312,15768,19224,22680,26136,29592,32940,,,,,,,,,,,,,
,7,12,5670,9702,13734,17766,21798,25830,29862,33894,37170,,,,,,,,,,,,,
,8,13,6480,11088,15696,20304,24912,29520,34128,38736,42480,,,,,,,,,,,,,
,9,14,7290,12474,17658,22842,28026,33210,38394,43578,47790,,,,,,,,,,,,,
,10,15,8100,13860,19620,25380,31140,36900,42660,48420,53100,,,,,,,,,,,,,
,11,15,8910,15246,21582,27918,34254,40590,46926,53262,58410,,,,,,,,,,,,,
,12,15,9720,16632,23544,30456,37368,44280,51192,58104,63720,,,,,,,,,,,,,
,13,16,9360,16848,24336,31824,39312,46800,54288,61776,69030,,,,,,,,,,,,,
,14,17,10080,18144,26208,34272,42336,50400,58464,66528,73080,,,,,,,,,,,,,
,15,18,10800,19440,28080,36720,45360,54000,62640,71280,78300,,,,,,,,,,,,,
,16,19,11520,20736,29952,39168,48384,57600,66816,76032,83520,,,,,,,,,,,,,
,17,20,12240,22032,31824,41616,51408,61200,70992,80784,88740,,,,,,,,,,,,,
,18,21,12960,23328,33696,44064,54432,64800,75168,85536,93960,,,,,,,,,,,,,
,19,21,11970,22914,33858,44802,55746,66690,77634,88578,99180,,,,,,,,,,,,,
,20,22,12600,24120,35640,47160,58680,70200,81720,93240,104400,,,,,,,,,,,,,
,21,22,13230,25326,37422,49518,61614,73710,85806,97902,109620,,,,,,,,,,,,,
,22,23,13860,26532,39204,51876,64548,77220,89892,102564,114840,,,,,,,,,,,,,
,23,23,14490,27738,40986,54234,67482,80730,93978,107226,117990,,,,,,,,,,,,,
,24,24,15120,28944,42768,56592,70416,84240,98064,111888,123120,,,,,,,,,,,,,
,25,24,15750,30150,44550,58950,73350,87750,102150,116550,128250,,,,,,,,,,,,,
,26,24,14040,29016,43992,58968,73944,88920,103896,118872,133380,,,,,,,,,,,,,
,27,24,14580,30132,45684,61236,76788,92340,107892,123444,138510,,,,,,,,,,,,,
,28,25,15120,31248,47376,63504,79632,95760,111888,128016,143640,,,,,,,,,,,,,
,29,25,15660,32364,49068,65772,82476,99180,115884,132588,148770,,,,,,,,,,,,,
,30,25,16200,33480,50760,68040,85320,102600,119880,137160,153900,,,,,,,,,,,,,
,1,5,40,86,126,181,264,378,524,677,864,1029,1140,1230,1320,1410,1485,,,,,,,ChillDerby
,2,10,80,172,252,361,528,756,1049,1354,1728,2058,2280,2460,2640,2820,2970,,,,,,,
,3,15,120,258,378,542,792,1134,1573,2030,2592,3087,3420,3690,3960,4230,4455,,,,,,,
,4,18,149,320,469,672,982,1406,1951,2518,3214,3828,4241,4576,4910,5245,5524,,,,,,,
,5,23,186,400,586,840,1228,1758,2438,3147,4018,4785,5301,5720,6138,6557,6905,,,,,,,
,6,27,223,480,703,1008,1473,2109,2926,3777,4821,5742,6361,6863,7366,7868,8286,,,,,,,
,7,27,260,561,820,1176,1719,2461,3414,4406,5625,6699,7421,8007,8593,9179,9667,,,,,,,
,8,28,298,641,937,1344,1964,2812,3902,5035,6428,7656,8482,9151,9821,10490,11048,,,,,,,
,9,29,335,721,1055,1512,2210,3164,4389,5665,7232,8613,9542,10295,11048,11802,12429,,,,,,,
,10,30,360,775,1134,1625,2376,3402,4720,6091,7776,9261,10260,11070,11880,12690,13365,,,,,,,
,11,30,396,852,1247,1788,2614,3742,5192,6700,8554,10187,11286,12177,13068,13959,14702,,,,,,,
,12,30,418,899,1315,1885,2756,3946,5475,7066,9020,10743,11902,12841,13781,14720,15503,,,,,,,
,13,32,452,974,1425,2043,2986,4275,5931,7655,9772,11638,12893,13911,14929,15947,16795,,,,,,,
,14,34,470,1013,1482,2124,3105,4445,6167,7959,10161,12101,13406,14465,15523,16582,17464,,,,,,,
,15,36,504,1085,1588,2276,3326,4763,6607,8528,10886,12965,14364,15498,16632,17766,18711,,,,,,,
,16,38,518,1116,1633,2341,3421,4899,6796,8771,11197,13336,14774,15941,17107,18274,19246,,,,,,,
,17,40,551,1186,1735,2487,3635,5205,7221,9320,11897,14169,15698,16937,18176,19416,20448,,,,,,,
,18,42,562,1209,1769,2536,3707,5307,7363,9502,12131,14447,16006,17269,18533,19796,20849,,,,,,,
,19,44,593,1276,1867,2676,3912,5602,7772,10030,12804,15250,16895,18229,19562,20896,22008,,,,,,,
,20,44,600,1292,1890,2709,3960,5670,7866,10152,12960,15435,17100,18450,19800,21150,22275,,,,,,,
,21,46,630,1356,1985,2844,4158,5954,8259,10660,13608,16207,17955,19373,20790,22208,23389,,,,,,,
,22,46,634,1364,1996,2861,4182,5988,8306,10721,13686,16299,18058,19483,20909,22334,23522,,,,,,,
,23,48,662,1426,2087,2991,4372,6260,8684,11208,14308,17040,18878,20369,21859,23350,24592,,,,,,,
,24,48,662,1426,2087,2991,4372,6260,8684,11208,14308,17040,18878,20369,21859,23350,24592,,,,,,,
,25,50,690,1485,2174,3115,4554,6521,9046,11675,14904,17750,19665,21218,22770,24323,25616,,,,,,,
,26,50,686,1477,2162,3099,4530,6486,8999,11614,14826,17658,19562,21107,22651,24196,25483,,,,,,,
,27,50,713,1534,2245,3218,4704,6736,9345,12061,15396,18337,20315,21919,23522,25126,26463,,,,,,,
,28,50,706,1519,2223,3186,4657,6668,9250,11939,15241,18152,20110,21697,23285,24872,26195,,,,,,,
,29,50,731,1573,2302,3300,4823,6906,9581,12365,15785,18800,20828,22472,24116,25761,27131,,,,,,,
,30,50,720,1550,2268,3251,4752,6804,9439,12182,15552,18522,20520,22140,23760,25380,26730,,,,,,,
